Datetime,Water Level (m)
2025-11-21 00:00:00,0.34997204
2025-11-21 01:00:00,0.4471312
2025-11-21 02:00:00,0.4730958
2025-11-21 03:00:00,0.5042651
2025-11-21 04:00:00,0.49644896
2025-11-21 05:00:00,0.46352157
2025-11-21 06:00:00,0.4364083
2025-11-21 07:00:00,0.41467154
2025-11-21 08:00:00,0.38464206
2025-11-21 09:00:00,0.35042423
2025-11-21 10:00:00,0.32486874
2025-11-21 11:00:00,0.3550394
2025-11-21 12:00:00,0.46343985
2025-11-21 13:00:00,0.5769695
2025-11-21 14:00:00,0.63056266
2025-11-21 15:00:00,0.6020205
2025-11-21 16:00:00,0.5452564
2025-11-21 17:00:00,0.52196234
2025-11-21 18:00:00,0.5041079
2025-11-21 19:00:00,0.47542438
2025-11-21 20:00:00,0.44148237
2025-11-21 21:00:00,0.40998992
2025-11-21 22:00:00,0.40105534
2025-11-21 23:00:00,0.47870895
2025-11-22 00:00:00,0.6230889
2025-11-22 01:00:00,0.7474203
2025-11-22 02:00:00,0.8182833
2025-11-22 03:00:00,0.834773
2025-11-22 04:00:00,0.80459154
2025-11-22 05:00:00,0.7674597
2025-11-22 06:00:00,0.7377173
2025-11-22 07:00:00,0.7070074
2025-11-22 08:00:00,0.6677193
2025-11-22 09:00:00,0.6255326
2025-11-22 10:00:00,0.58508766
2025-11-22 11:00:00,0.56092083
2025-11-22 12:00:00,0.5985505
2025-11-22 13:00:00,0.6900626
2025-11-22 14:00:00,0.76814044
2025-11-22 15:00:00,0.7711484
2025-11-22 16:00:00,0.7167928
2025-11-22 17:00:00,0.6739029
2025-11-22 18:00:00,0.6472797
2025-11-22 19:00:00,0.6179133
2025-11-22 20:00:00,0.5821385
2025-11-22 21:00:00,0.54579926
2025-11-22 22:00:00,0.5153073
2025-11-22 23:00:00,0.5244245
2025-11-23 00:00:00,0.62331045
2025-11-23 01:00:00,0.765092
2025-11-23 02:00:00,0.87096274
2025-11-23 03:00:00,0.91787237
2025-11-23 04:00:00,0.89278835
2025-11-23 05:00:00,0.8448056
2025-11-23 06:00:00,0.812529
2025-11-23 07:00:00,0.78477234
2025-11-23 08:00:00,0.7467567
2025-11-23 09:00:00,0.7040818
2025-11-23 10:00:00,0.6607027
2025-11-23 11:00:00,0.6212828
2025-11-23 12:00:00,0.6087671
2025-11-23 13:00:00,0.65345657
2025-11-23 14:00:00,0.7391088
2025-11-23 15:00:00,0.78579074
2025-11-23 16:00:00,0.7621679
2025-11-23 17:00:00,0.7097459
2025-11-23 18:00:00,0.6740054
2025-11-23 19:00:00,0.64562315
2025-11-23 20:00:00,0.6126805
2025-11-23 21:00:00,0.576691
2025-11-23 22:00:00,0.5420491
2025-11-23 23:00:00,0.5192363
2025-11-24 00:00:00,0.55337673
2025-11-24 01:00:00,0.6659479
2025-11-24 02:00:00,0.79631203
2025-11-24 03:00:00,0.8799081
2025-11-24 04:00:00,0.89402485
2025-11-24 05:00:00,0.8405728
2025-11-24 06:00:00,0.7981706
2025-11-24 07:00:00,0.7717372
2025-11-24 08:00:00,0.7404784
2025-11-24 09:00:00,0.70113206
2025-11-24 10:00:00,0.6592918
2025-11-24 11:00:00,0.61778456
2025-11-24 12:00:00,0.58292866
2025-11-24 13:00:00,0.5842828
2025-11-24 14:00:00,0.63750774
2025-11-24 15:00:00,0.71701854
2025-11-24 16:00:00,0.7419409
2025-11-24 17:00:00,0.70740664
2025-11-24 18:00:00,0.6600731
2025-11-24 19:00:00,0.6288931
2025-11-24 20:00:00,0.60094625
2025-11-24 21:00:00,0.5681481
2025-11-24 22:00:00,0.53438497
2025-11-24 23:00:00,0.50353134
2025-11-25 00:00:00,0.49737424
2025-11-25 01:00:00,0.5583757
2025-11-25 02:00:00,0.6798459
2025-11-25 03:00:00,0.7912642
2025-11-25 04:00:00,0.8503863
2025-11-25 05:00:00,0.83380425
2025-11-25 06:00:00,0.78040123
2025-11-25 07:00:00,0.7468163
2025-11-25 08:00:00,0.7211597
2025-11-25 09:00:00,0.6879582
2025-11-25 10:00:00,0.6485147
2025-11-25 11:00:00,0.6077192
2025-11-25 12:00:00,0.56952924
2025-11-25 13:00:00,0.54835933
2025-11-25 14:00:00,0.575576
2025-11-25 15:00:00,0.6527613
2025-11-25 16:00:00,0.7256112
2025-11-25 17:00:00,0.7361056
2025-11-25 18:00:00,0.6930295
2025-11-25 19:00:00,0.6514808
2025-11-25 20:00:00,0.6232695
2025-11-25 21:00:00,0.5948419
2025-11-25 22:00:00,0.56104606
2025-11-25 23:00:00,0.52754265
2025-11-26 00:00:00,0.50162446
2025-11-26 01:00:00,0.5149562
2025-11-26 02:00:00,0.5993485
2025-11-26 03:00:00,0.72438747
2025-11-26 04:00:00,0.8161303
2025-11-26 05:00:00,0.85515213
2025-11-26 06:00:00,0.8222438
2025-11-26 07:00:00,0.77488655
2025-11-26 08:00:00,0.74471205
2025-11-26 09:00:00,0.71705383
2025-11-26 10:00:00,0.6804477
2025-11-26 11:00:00,0.640043
2025-11-26 12:00:00,0.6003475
2025-11-26 13:00:00,0.56471467
2025-11-26 14:00:00,0.54944885
2025-11-26 15:00:00,0.580033
2025-11-26 16:00:00,0.6563212
2025-11-26 17:00:00,0.71857333
2025-11-26 18:00:00,0.7201049
2025-11-26 19:00:00,0.6748094
2025-11-26 20:00:00,0.63578504
2025-11-26 21:00:00,0.6079935
2025-11-26 22:00:00,0.57863426
2025-11-26 23:00:00,0.5459716
2025-11-27 00:00:00,0.5139347
